"10000","10354","14","1981-05-22","3500","Furniture","Fila",
"10001","10073","3","1997-04-18","9105","Glass","LG",
"10002","10347","19","2020-01-29","7600","Furniture","Nike",
"10003","10399","2","1977-04-03","6801","Fabrics","Damro",
"10004","10913","16","1973-02-06","3424","Glass","Singer",
"10005","10747","20","1975-01-25","5638","Plastics","Singer",
"10006","10463","4","2019-10-27","8852","Plastics","Fila",
"10007","10619","18","1982-12-19","8570","Furniture","LG",
"10008","10952","15","2002-04-05","5686","Glass","Damro",
"10009","10722","17","1987-01-30","6306","Glass","Fila",
"10010","10163","18","2001-04-16","5779","Furniture","Damro",
"10011","10813","6","1989-08-24","2355","Plastics","LG",
"10012","10155","19","1986-07-15","9020","Plastics","Singer",
"10013","10076","15","1983-04-18","3695","Furniture","LG",
"10014","10886","4","1983-11-11","6761","Fabrics","Damro",
"10015","10563","4","1992-01-24","9918","Fabrics","Fila",
"10016","10836","17","1988-02-22","83","Glass","LG",
"10017","10626","8","2002-09-18","2705","Furniture","Fila",
"10018","10553","11","1984-02-14","4453","Glass","Nike",
"10019","10550","10","1982-10-20","7310","Furniture","LG",
"10020","10009","18","1994-06-12","4051","Plastics","Damro",
"10021","10577","6","2006-04-29","5158","Furniture","LG",
"10022","10572","18","1970-07-02","8527","Glass","Singer",
"10023","10975","19","1989-09-15","6258","Plastics","Fila",
"10024","10686","19","1974-06-06","1638","Furniture","Nike",
"10025","10343","3","1977-07-05","1151","Plastics","Fila",
"10026","10030","1","2020-06-12","473","Plastics","Nike",
"10027","10712","9","2013-02-20","5060","Furniture","Fila",
"10028","10992","4","2005-12-10","3412","Plastics","Nike",
"10029","10833","6","1976-08-25","7217","Plastics","Singer",
"10030","10225","14","2002-09-08","6700","Furniture","Nike",
"10031","10166","15","1982-09-15","7100","Glass","LG",
"10032","10609","6","2007-09-13","3991","Plastics","LG",
"10033","10564","7","2018-06-29","1733","Fabrics","Damro",
"10034","10866","12","1996-01-15","1480","Fabrics","LG",
"10035","10412","7","1978-01-03","2840","Plastics","Nike",
"10036","10827","6","1986-10-25","6323","Furniture","LG",
"10037","10015","20","1984-10-20","235","Fabrics","Nike",
"10038","10425","10","1978-01-04","4716","Glass","Singer",
"10039","10647","7","1981-07-25","1712","Fabrics","Nike",
"10040","10701","11","2005-01-21","2111","Fabrics","Damro",
"10041","10598","17","1972-05-20","668","Glass","Singer",
"10042","10458","20","2017-05-27","7772","Glass","Nike",
"10043","10616","8","1985-10-11","2839","Glass","Fila",
"10044","10959","17","2014-03-22","2547","Fabrics","LG",
"10045","10209","16","1984-07-20","3288","Fabrics","Nike",
"10046","10013","9","1978-07-22","1511","Glass","Nike",
"10047","10860","2","2011-03-10","7616","Plastics","Nike",
"10048","10219","17","1977-09-19","6779","Fabrics","Singer",
"10049","10335","19","2002-10-04","1856","Fabrics","Singer",
"10050","10911","10","1992-11-20","3743","Plastics","Damro",
"10051","10023","13","1982-09-09","4426","Fabrics","LG",
"10052","10913","7","2009-10-25","2895","Plastics","Nike",
"10053","10641","7","2013-12-20","4922","Fabrics","Damro",
"10054","10453","6","2002-03-05","7110","Fabrics","Fila",
"10055","10126","7","1989-04-17","4517","Plastics","Damro",
"10056","10270","12","1976-11-30","9319","Furniture","Damro",
"10057","10004","11","1997-05-15","2888","Furniture","LG",
"10058","10314","15","2019-11-29","1453","Fabrics","LG",
"10059","10642","12","2006-09-02","8057","Furniture","Damro",
"10060","10456","20","2019-09-18","6755","Glass","LG",
"10061","10813","19","1998-09-07","2032","Glass","Fila",
"10062","10144","11","1974-03-25","4330","Plastics","Fila",
"10063","10242","4","2020-03-09","1809","Furniture","Fila",
"10064","10012","17","2011-06-26","6314","Plastics","Damro",
"10065","10957","14","1973-04-16","4781","Furniture","Singer",
"10066","10446","7","2003-07-25","127","Furniture","Fila",
"10067","10628","4","1996-03-26","5616","Furniture","Singer",
"10068","10669","13","1977-04-27","9881","Plastics","Damro",
"10069","10546","19","1991-06-30","2970","Furniture","LG",
"10070","10676","8","1997-04-20","8191","Furniture","LG",
"10071","10111","14","1976-09-26","2552","Plastics","Nike",
"10072","10988","19","1997-12-07","1704","Glass","Fila",
"10073","10860","12","1997-12-24","7240","Fabrics","Damro",
"10074","10879","16","1999-01-13","775","Furniture","Fila",
"10075","10569","11","2012-09-12","6042","Plastics","Fila",
"10076","10544","19","1971-01-15","5931","Fabrics","Fila",
"10077","10564","17","2003-05-23","7655","Furniture","Fila",
"10078","10862","17","1998-10-08","2491","Glass","Singer",
"10079","10841","4","2014-07-14","497","Fabrics","Singer",
"10080","10835","3","1989-05-07","8904","Furniture","LG",
"10081","10667","16","2018-07-30","3199","Plastics","Singer",
"10082","10911","3","1998-12-21","9213","Fabrics","Fila",
"10083","10762","3","2010-07-27","378","Fabrics","LG",
"10084","10615","19","2018-11-27","3581","Plastics","LG",
"10085","10279","9","2019-10-06","5546","Fabrics","Fila",
"10086","10258","7","2009-04-19","3396","Plastics","Fila",
"10087","10696","14","2017-01-27","4863","Furniture","Singer",
"10088","10053","10","1985-04-10","9490","Fabrics","Fila",
"10089","10762","4","1972-11-03","8295","Fabrics","Damro",
"10090","10339","4","2000-07-10","7365","Fabrics","Singer",
"10091","10530","6","1970-01-22","4611","Plastics","Singer",
"10092","10767","8","1971-09-12","2821","Plastics","Nike",
"10093","10638","17","1996-05-26","5848","Glass","LG",
"10094","10593","19","1993-06-29","2066","Plastics","Fila",
"10095","10790","16","1995-05-12","9655","Fabrics","Damro",
"10096","10269","9","1975-05-01","3824","Fabrics","Nike",
"10097","10974","6","1986-07-30","6061","Fabrics","Nike",
"10098","10212","1","1985-07-10","7351","Fabrics","Fila",
"10099","10306","1","1989-11-03","2008","Furniture","Damro",
"10100","10118","12","1980-01-19","4892","Fabrics","Nike",
"10101","10562","16","1981-09-25","1088","Plastics","Damro",
"10102","10681","9","1989-12-06","9306","Furniture","LG",
"10103","10155","15","2020-06-10","1347","Plastics","Fila",
"10104","10288","11","1993-02-19","1399","Glass","Fila",
"10105","10376","11","2016-06-28","5638","Plastics","Fila",
"10106","10238","12","2012-08-08","9464","Glass","Damro",
"10107","10274","16","2001-03-27","465","Furniture","Damro",
"10108","10930","9","1984-11-01","6587","Furniture","Fila",
"10109","10373","12","1985-05-05","4805","Plastics","LG",
"10110","10968","18","1993-09-30","6617","Fabrics","Singer",
"10111","10398","10","2011-10-01","2168","Fabrics","LG",
"10112","10963","13","2007-12-26","4126","Fabrics","Damro",
"10113","10987","19","2015-12-05","6504","Glass","Damro",
"10114","10002","7","2005-06-06","330","Fabrics","Singer",
"10115","10990","11","1995-05-31","5700","Fabrics","Fila",
"10116","10280","6","1970-07-28","3607","Furniture","LG",
"10117","10165","1","1995-06-04","2469","Fabrics","Fila",
"10118","10296","17","1987-12-29","2617","Furniture","Fila",
"10119","10546","8","1981-03-02","1967","Plastics","LG",
"10120","10060","6","1988-12-23","8021","Furniture","Damro",
"10121","10900","1","1997-05-20","8986","Plastics","Singer",
"10122","10079","5","1990-09-25","1880","Glass","Singer",
"10123","10846","3","2000-05-08","6135","Glass","Singer",
"10124","10205","9","2002-04-08","7777","Fabrics","Singer",
"10125","10728","1","1992-07-12","9907","Glass","Nike",
"10126","10203","9","1993-01-09","1713","Plastics","Singer",
"10127","10874","10","1975-10-02","5608","Glass","Singer",
"10128","10371","2","1975-09-02","9890","Plastics","Nike",
"10129","10472","16","1980-11-07","766","Plastics","Nike",
"10130","10643","4","1976-02-25","8000","Glass","Damro",
"10131","10557","12","2005-06-10","5915","Glass","Nike",
"10132","10925","4","1971-03-28","723","Plastics","Nike",
"10133","10297","12","1986-07-26","8709","Fabrics","Singer",
"10134","10480","10","2019-07-04","7759","Plastics","Damro",
"10135","10593","1","1986-01-04","5583","Glass","Singer",
"10136","10067","13","1984-11-08","5281","Plastics","Singer",
"10137","10579","11","1976-05-14","4456","Plastics","Nike",
"10138","10134","14","1981-02-02","8752","Plastics","Nike",
"10139","10751","13","2007-02-08","12","Furniture","Singer",
"10140","10128","6","1972-05-02","5286","Furniture","LG",
"10141","10462","8","1983-01-22","2705","Furniture","LG",
"10142","10510","13","1975-01-08","9021","Glass","LG",
"10143","10766","9","2003-04-16","2562","Glass","Nike",
"10144","10183","15","2004-02-03","9866","Plastics","Fila",
"10145","10247","9","1970-05-23","3632","Glass","Damro",
"10146","10047","14","2005-06-23","1638","Furniture","Fila",
"10147","10965","5","2009-07-28","1605","Fabrics","Damro",
"10148","10136","3","2019-11-12","2587","Fabrics","Singer",
"10149","10714","12","2004-11-19","4217","Furniture","Fila",
"10150","10589","15","2011-12-25","9742","Fabrics","Singer",
"10151","10811","20","1971-06-28","1610","Fabrics","Singer",
"10152","10731","15","2004-03-19","5565","Plastics","Fila",
"10153","10101","4","1976-12-04","2009","Plastics","Singer",
"10154","10013","5","2016-06-17","1109","Plastics","Damro",
"10155","10662","9","2017-10-06","4240","Furniture","LG",
"10156","10351","11","2016-07-14","5673","Furniture","Singer",
"10157","10067","16","1981-12-28","1768","Glass","Singer",
"10158","10444","16","1971-08-18","3319","Plastics","Fila",
"10159","10341","4","1980-08-06","8966","Plastics","Fila",
"10160","10930","10","1977-02-08","1791","Furniture","Fila",
"10161","10621","15","1984-05-08","6088","Furniture","Fila",
"10162","10554","1","1976-03-26","5617","Furniture","Damro",
"10163","10912","16","1989-04-22","4834","Fabrics","Damro",
"10164","10673","2","2001-08-05","8944","Fabrics","Damro",
"10165","10064","12","2010-06-15","8914","Fabrics","Damro",
"10166","10148","17","1972-03-13","4931","Plastics","Nike",
"10167","10773","2","2014-06-12","3366","Glass","LG",
"10168","10796","9","2014-03-26","717","Glass","LG",
"10169","10778","20","1977-09-18","2129","Furniture","Nike",
"10170","10949","16","1988-07-20","5662","Plastics","Singer",
"10171","10529","7","1981-05-04","4415","Glass","Nike",
"10172","10684","5","2018-03-14","8517","Fabrics","LG",
"10173","10797","10","1980-06-20","2406","Furniture","Nike",
"10174","10986","18","2018-02-10","4948","Fabrics","Fila",
"10175","10795","14","1991-12-04","207","Plastics","Singer",
"10176","10053","5","1990-02-20","6735","Furniture","Nike",
"10177","10579","12","1995-11-30","4179","Furniture","Fila",
"10178","10381","10","1999-04-15","6068","Furniture","Fila",
"10179","10875","8","1988-02-18","6491","Glass","Fila",
"10180","10420","19","2010-12-26","2838","Glass","Nike",
"10181","10114","19","2006-12-07","8533","Glass","Damro",
"10182","10864","5","1989-09-09","2931","Glass","Singer",
"10183","10567","1","1991-04-24","6496","Glass","Nike",
"10184","10828","7","2007-11-25","7577","Glass","Nike",
"10185","10165","2","1974-12-18","4662","Furniture","Fila",
"10186","10995","4","1982-11-11","3908","Plastics","Singer",
"10187","10422","9","1970-05-20","8289","Furniture","Singer",
"10188","10142","8","1982-04-09","6643","Furniture","Singer",
"10189","10087","14","2003-12-08","9592","Furniture","LG",
"10190","10394","1","1975-01-05","6619","Fabrics","Singer",
"10191","10864","16","2017-09-02","5778","Plastics","Damro",
"10192","10224","6","2009-10-01","4843","Glass","Nike",
"10193","10837","7","1977-02-16","2591","Furniture","Nike",
"10194","10809","20","1988-07-23","9421","Glass","LG",
"10195","10499","17","1991-10-03","6619","Furniture","LG",
"10196","10624","3","1975-09-19","3822","Glass","Nike",
"10197","10151","19","1992-04-13","7651","Glass","Singer",
"10198","10538","7","1993-01-21","8833","Fabrics","Damro",
"10199","10250","7","2011-04-21","243","Fabrics","LG",
"10200","10052","7","1973-12-10","3737","Furniture","Fila",
"10201","10205","12","1996-08-22","9406","Plastics","LG",
"10202","10163","9","1971-12-08","618","Fabrics","Nike",
"10203","10937","7","1988-11-14","105","Plastics","Damro",
"10204","10215","18","1986-05-31","1219","Plastics","Fila",
"10205","10633","1","1979-04-17","5648","Fabrics","Damro",
"10206","10122","19","1972-03-02","5826","Fabrics","Fila",
"10207","10508","3","1987-01-31","2673","Fabrics","LG",
"10208","10356","2","1988-09-27","5330","Fabrics","Singer",
"10209","10484","13","2010-08-01","2453","Fabrics","LG",
"10210","10328","9","1984-12-22","7068","Furniture","LG",
"10211","10294","9","1971-07-06","8184","Furniture","Nike",
"10212","10398","4","1977-12-04","8489","Glass","Fila",
"10213","10109","19","2014-04-01","2557","Furniture","Damro",
"10214","10698","18","2003-01-10","389","Furniture","Nike",
"10215","10545","4","1981-02-03","30","Furniture","Damro",
"10216","10040","6","1976-01-08","4033","Furniture","Fila",
"10217","10056","2","2001-06-02","7615","Fabrics","LG",
"10218","10373","11","1978-11-30","9551","Plastics","LG",
"10219","10936","7","2015-01-20","9744","Plastics","Nike",
"10220","10867","9","2012-10-13","3665","Furniture","Damro",
"10221","10997","4","2010-03-03","2173","Furniture","Singer",
"10222","10989","20","2015-11-01","8353","Plastics","Damro",
"10223","10709","3","1989-09-10","503","Fabrics","Damro",
"10224","10055","19","1987-12-10","2508","Fabrics","LG",
"10225","10201","20","1989-06-20","1188","Plastics","Damro",
"10226","10480","14","2003-11-20","9542","Plastics","Nike",
"10227","10828","16","1988-05-29","8798","Fabrics","Damro",
"10228","10647","18","2014-06-27","8979","Furniture","Nike",
"10229","10836","14","2019-08-16","1151","Glass","Nike",
"10230","10161","9","2015-04-01","31","Glass","Fila",
"10231","10664","12","1990-09-19","1086","Plastics","Damro",
"10232","10270","2","1972-12-04","6091","Furniture","Singer",
"10233","10489","19","1975-05-26","7673","Plastics","LG",
"10234","10438","10","1980-03-12","9766","Glass","Nike",
"10235","10497","9","1973-01-26","8232","Plastics","Singer",
"10236","10745","19","1981-11-15","1878","Fabrics","LG",
"10237","10750","9","1976-05-01","762","Plastics","Singer",
"10238","10532","9","1978-10-22","8232","Fabrics","Singer",
"10239","10061","11","1987-06-22","1861","Furniture","Fila",
"10240","10952","15","2006-11-22","1901","Fabrics","Nike",
"10241","10945","12","1984-07-01","1431","Glass","Fila",
"10242","10980","20","2017-01-17","3401","Glass","Singer",
"10243","10120","14","1989-01-12","3588","Plastics","Nike",
"10244","10171","7","2000-04-23","5720","Plastics","LG",
"10245","10199","11","1981-03-26","3622","Fabrics","Nike",
"10246","10854","8","1997-07-12","4781","Glass","Nike",
"10247","10487","1","1996-04-03","6819","Glass","LG",
"10248","10452","18","2015-09-04","2689","Furniture","Damro",
"10249","10295","8","1981-06-28","7319","Glass","Singer",
"10250","10058","15","2008-08-30","536","Glass","Damro",
"10251","10364","15","2009-04-09","8971","Fabrics","Damro",
"10252","10573","11","2004-03-26","738","Fabrics","LG",
"10253","10141","2","1997-01-10","177","Plastics","Nike",
"10254","10044","4","2009-06-04","211","Furniture","LG",
"10255","10419","7","2006-01-03","9197","Plastics","Singer",
"10256","10111","12","2010-10-14","982","Fabrics","Singer",
"10257","10124","1","2012-02-17","7284","Glass","Fila",
"10258","10234","15","2007-07-31","3798","Plastics","Fila",
"10259","10823","8","1995-06-08","8327","Glass","Fila",
"10260","10403","5","1978-02-27","288","Glass","Damro",
"10261","10804","10","2012-02-21","6776","Furniture","Fila",
"10262","10935","6","1979-12-28","8603","Plastics","Nike",
"10263","10515","6","2011-10-01","2838","Plastics","Singer",
"10264","10719","9","1999-03-30","8299","Furniture","Singer",
"10265","10644","20","1991-09-11","7727","Plastics","Nike",
"10266","10503","19","1997-12-23","9402","Fabrics","Nike",
"10267","10930","6","2010-12-18","2483","Plastics","Singer",
"10268","10895","4","1986-07-16","21","Plastics","Singer",
"10269","10290","10","2004-04-24","7086","Glass","Fila",
"10270","10725","13","2009-10-21","3661","Furniture","Nike",
"10271","10465","6","1972-06-03","4215","Glass","LG",
"10272","10855","9","1992-03-16","8682","Glass","Damro",
"10273","10841","8","2004-11-09","2064","Furniture","Fila",
"10274","10401","18","2017-05-19","2285","Furniture","Singer",
"10275","10285","11","2009-11-22","8268","Fabrics","Singer",
"10276","10122","4","2009-03-27","3945","Glass","Nike",
"10277","10118","2","2019-09-08","1838","Fabrics","Fila",
"10278","10741","10","2009-02-14","5476","Plastics","Fila",
"10279","10587","6","2008-03-07","2864","Plastics","LG",
"10280","10364","12","1999-06-05","8371","Glass","Singer",
"10281","10710","2","1976-04-26","3058","Fabrics","Singer",
"10282","10842","7","2004-08-28","6293","Glass","Singer",
"10283","10087","2","1974-09-11","6035","Furniture","Nike",
"10284","10615","15","2008-11-08","2841","Furniture","Damro",
"10285","10301","8","2009-10-06","401","Glass","Singer",
"10286","10287","15","2005-10-16","2876","Fabrics","Damro",
"10287","10064","17","1996-05-25","1824","Glass","Singer",
"10288","10824","5","2014-08-22","3176","Plastics","Nike",
"10289","10792","1","1985-07-09","9230","Glass","Damro",
"10290","10639","4","1990-02-07","66","Glass","LG",
"10291","10918","20","1984-08-17","1690","Glass","Singer",
"10292","10195","19","1980-01-01","307","Fabrics","LG",
"10293","10986","2","1972-05-26","2909","Plastics","Damro",
"10294","10613","14","1982-07-03","5718","Furniture","Fila",
"10295","10099","19","2005-03-17","1133","Glass","Singer",
"10296","10065","8","1981-06-25","7027","Glass","LG",
"10297","10973","17","1987-10-12","5178","Glass","Singer",
"10298","10197","9","1984-06-14","7407","Plastics","Singer",
"10299","10224","15","1975-11-18","3453","Fabrics","Singer",
"10300","10704","8","2009-12-13","1538","Plastics","Damro",
"10301","10349","5","1987-07-04","1251","Furniture","LG",
"10302","10195","1","2000-02-23","7769","Plastics","Nike",
"10303","10146","19","1972-11-01","97","Plastics","Nike",
"10304","10231","9","2000-08-28","280","Plastics","Nike",
"10305","10393","13","2018-09-22","5887","Furniture","Singer",
"10306","10657","11","1984-07-17","4807","Fabrics","Damro",
"10307","10615","20","1974-01-26","8409","Glass","Singer",
"10308","10308","14","1978-04-09","7967","Plastics","Singer",
"10309","10468","16","1997-03-21","5124","Plastics","Nike",
"10310","10700","15","2004-11-04","6261","Furniture","LG",
"10311","10624","1","1996-06-07","4336","Glass","LG",
"10312","10829","4","1977-02-04","7690","Fabrics","Nike",
"10313","10881","11","2007-02-05","2722","Glass","LG",
"10314","10079","7","1974-11-08","3975","Furniture","Nike",
"10315","10642","19","1990-12-12","7657","Furniture","Fila",
"10316","10067","11","1999-12-24","3242","Plastics","LG",
"10317","10068","14","1977-11-27","2121","Glass","LG",
"10318","10362","12","1982-07-12","8228","Plastics","Damro",
"10319","10854","6","1991-08-13","507","Furniture","Fila",
"10320","10847","18","1982-11-30","4604","Glass","Fila",
"10321","10212","1","1974-10-12","2968","Furniture","Fila",
"10322","10751","14","1974-05-30","7930","Plastics","LG",
"10323","10167","20","1990-11-17","7618","Glass","Damro",
"10324","10440","9","1997-04-06","4137","Glass","LG",
"10325","10931","12","2014-07-25","5379","Fabrics","Singer",
"10326","10865","14","2004-05-16","6466","Fabrics","LG",
"10327","10337","16","2001-11-09","8372","Plastics","Damro",
"10328","10020","16","1971-07-28","7620","Fabrics","Fila",
"10329","10397","6","1989-08-20","3920","Plastics","Damro",
"10330","10955","5","1978-03-11","2667","Fabrics","Damro",
"10331","10225","8","1995-11-10","3152","Furniture","Damro",
"10332","10498","14","1978-05-24","3780","Furniture","Fila",
"10333","10074","14","2007-12-24","921","Furniture","Nike",
"10334","10242","4","1978-09-27","9514","Plastics","LG",
"10335","10000","16","1981-12-09","3901","Furniture","Singer",
"10336","10919","16","1993-11-05","3046","Plastics","Singer",
"10337","10582","14","1998-06-10","2074","Furniture","Fila",
"10338","10432","1","2014-12-19","7114","Glass","Singer",
"10339","10051","4","1993-10-31","481","Plastics","Damro",
"10340","10125","7","1981-07-06","7834","Fabrics","Fila",
"10341","10971","16","1994-04-03","2131","Glass","Fila",
"10342","10026","16","1983-04-22","3378","Fabrics","Fila",
"10343","10558","9","1972-12-05","9322","Plastics","Damro",
"10344","10585","1","2014-08-30","5646","Plastics","Singer",
"10345","10802","11","2009-01-28","5304","Plastics","Nike",
"10346","10111","18","1971-11-14","3195","Plastics","Singer",
"10347","10893","4","2000-08-25","576","Fabrics","LG",
"10348","10109","19","1981-09-18","2891","Furniture","Fila",
"10349","10684","10","2013-07-23","2644","Plastics","Damro",
"10350","10268","17","2004-06-13","7906","Furniture","Singer",
"10351","10293","19","2003-04-20","2502","Glass","Fila",
"10352","10279","19","1975-11-16","8608","Plastics","LG",
"10353","10463","18","2006-12-23","6133","Glass","Nike",
"10354","10871","12","1971-10-09","92","Glass","Damro",
"10355","10391","8","1977-03-07","9093","Furniture","Damro",
"10356","10702","7","2017-04-09","4029","Glass","Damro",
"10357","10759","14","1986-03-18","6679","Plastics","Damro",
"10358","10902","5","1999-07-10","5629","Plastics","LG",
"10359","10376","1","2008-04-13","2625","Plastics","Singer",
"10360","10508","5","2004-07-13","1060","Plastics","Singer",
"10361","10346","18","2013-01-06","1554","Plastics","Fila",
"10362","10951","11","1996-03-26","4029","Furniture","Fila",
"10363","10771","1","1996-05-01","1587","Fabrics","Fila",
"10364","10767","1","2019-03-02","1486","Glass","Singer",
"10365","10951","14","2019-11-29","8291","Plastics","LG",
"10366","10193","3","2002-01-22","357","Plastics","Fila",
"10367","10826","18","2015-12-14","9966","Furniture","Damro",
"10368","10714","6","1981-09-06","6952","Furniture","Fila",
"10369","10817","20","1999-01-17","1736","Plastics","Damro",
"10370","10264","12","2003-07-14","1404","Plastics","Nike",
"10371","10088","12","1982-03-02","1449","Plastics","LG",
"10372","10214","9","2015-09-04","4013","Glass","Fila",
"10373","10864","11","2016-04-29","3372","Furniture","Nike",
"10374","10458","12","1985-06-03","3473","Glass","LG",
"10375","10183","1","1981-07-04","7097","Fabrics","Singer",
"10376","10455","13","1978-07-15","4956","Glass","Singer",
"10377","10898","5","1980-07-17","3108","Fabrics","Singer",
"10378","10244","7","2016-07-06","4012","Furniture","LG",
"10379","10337","12","2003-06-30","9196","Fabrics","Damro",
"10380","10741","19","1996-06-17","1312","Furniture","Nike",
"10381","10544","2","1984-02-07","222","Fabrics","Damro",
"10382","10625","8","1974-06-27","2698","Furniture","Singer",
"10383","10297","19","1981-11-13","1659","Furniture","Nike",
"10384","10990","1","2012-11-13","6822","Fabrics","Singer",
"10385","10026","12","1988-07-06","6213","Glass","Damro",
"10386","10293","13","1978-01-29","1436","Fabrics","Damro",
"10387","10914","6","1984-10-20","2455","Fabrics","Nike",
"10388","10869","13","1980-12-13","7060","Plastics","Singer",
"10389","10134","3","2002-02-06","4893","Glass","Singer",
"10390","10842","20","2005-11-15","46","Furniture","Fila",
"10391","10536","2","1973-04-03","2809","Glass","Damro",
"10392","10205","17","1985-09-29","4246","Furniture","Nike",
"10393","10237","12","2000-01-15","865","Furniture","Damro",
"10394","10721","6","1978-09-30","9589","Glass","Nike",
"10395","10646","1","2012-06-30","3180","Plastics","Nike",
"10396","10273","2","2005-05-12","8823","Plastics","Nike",
"10397","10733","11","1970-11-24","9314","Glass","Singer",
"10398","10370","5","1991-10-22","3126","Fabrics","Singer",
"10399","10592","11","2009-01-20","2059","Fabrics","Nike",
"10400","10945","17","2003-06-17","3972","Glass","Singer",
"10401","10779","11","1992-08-14","5092","Furniture","LG",
"10402","10765","14","1993-08-14","2833","Furniture","Singer",
"10403","10354","11","2008-06-26","6974","Plastics","Fila",
"10404","10439","12","2019-01-05","9186","Fabrics","Nike",
"10405","10553","9","2014-12-07","1127","Plastics","Singer",
"10406","10309","4","1971-04-02","2660","Plastics","Damro",
"10407","10007","20","1978-10-20","2575","Furniture","Damro",
"10408","10153","11","1972-06-28","1794","Furniture","Fila",
"10409","10067","8","1988-06-20","1634","Furniture","Fila",
"10410","10609","15","1987-07-14","7959","Plastics","Nike",
"10411","10631","15","1993-11-18","2908","Fabrics","Fila",
"10412","10951","12","2004-06-02","6474","Plastics","LG",
"10413","10526","3","2008-10-11","5616","Fabrics","Singer",
"10414","10688","7","2006-06-06","163","Furniture","Nike",
"10415","10754","10","1971-10-13","961","Furniture","Nike",
"10416","10933","5","1996-04-27","9877","Furniture","LG",
"10417","10078","9","1993-03-05","5160","Fabrics","Nike",
"10418","10132","15","2016-01-21","5054","Furniture","Nike",
"10419","10289","10","1987-07-07","624","Furniture","Singer",
"10420","10791","14","1980-04-16","61","Plastics","Nike",
"10421","10572","2","2016-07-07","1635","Glass","Nike",
"10422","10357","4","2020-05-12","2960","Fabrics","LG",
"10423","10207","9","2014-04-09","8778","Fabrics","Singer",
"10424","10584","6","1971-12-05","61","Fabrics","LG",
"10425","10743","3","2010-04-12","5463","Glass","Fila",
"10426","10952","13","2006-04-15","124","Furniture","Singer",
"10427","10339","4","1996-06-29","277","Glass","Damro",
"10428","10376","10","1999-03-03","2044","Fabrics","Damro",
"10429","10788","18","1975-01-09","3983","Glass","Fila",
"10430","10230","5","2011-07-13","1209","Fabrics","Singer",
"10431","10872","18","2000-10-15","9819","Plastics","Damro",
"10432","10731","17","1988-11-14","655","Plastics","Nike",
"10433","10870","19","2008-05-20","586","Furniture","Singer",
"10434","10860","15","2005-12-27","7549","Fabrics","Damro",
"10435","10746","18","1996-04-27","9052","Fabrics","Nike",
"10436","10338","3","1983-04-15","2059","Furniture","Fila",
"10437","10852","20","1996-12-30","6885","Furniture","Fila",
"10438","10830","11","1981-10-31","1778","Glass","Fila",
"10439","10719","7","2003-07-08","8188","Furniture","LG",
"10440","10048","19","2008-07-31","2156","Plastics","Fila",
"10441","10307","9","2010-07-18","4170","Plastics","LG",
"10442","10326","4","1972-05-26","9265","Glass","Fila",
"10443","10212","2","1972-02-01","4947","Fabrics","Nike",
"10444","10269","4","2012-04-22","7505","Fabrics","Fila",
"10445","10107","2","1980-12-27","9576","Plastics","LG",
"10446","10419","7","2010-03-25","5176","Furniture","Fila",
"10447","10308","11","1994-04-20","8566","Furniture","LG",
"10448","10377","15","1994-07-29","7868","Furniture","LG",
"10449","10465","5","2011-07-24","8429","Glass","Nike",
"10450","10591","15","1971-02-06","2692","Furniture","Fila",
"10451","10359","20","1990-11-14","2622","Furniture","Nike",
"10452","10165","2","1971-06-14","9647","Plastics","Fila",
"10453","10912","5","1984-04-26","6486","Furniture","Fila",
"10454","10801","5","2002-04-23","5971","Fabrics","Nike",
"10455","10182","10","1971-08-24","6875","Fabrics","Singer",
"10456","10617","20","2010-04-19","2199","Furniture","Damro",
"10457","10509","20","2019-07-07","1787","Furniture","Singer",
"10458","10804","14","2019-10-08","8403","Furniture","Fila",
"10459","10030","8","1984-12-18","3292","Furniture","Damro",
"10460","10634","3","2007-05-09","9548","Fabrics","Damro",
"10461","10060","1","1997-05-11","5368","Fabrics","Nike",
"10462","10080","1","1977-10-20","5438","Fabrics","Nike",
"10463","10185","7","1981-05-24","3854","Plastics","Damro",
"10464","10865","14","1975-09-23","7036","Furniture","Nike",
"10465","10949","1","2004-06-30","5518","Furniture","Damro",
"10466","10226","8","1970-01-12","9406","Glass","Damro",
"10467","10451","3","2007-07-12","4666","Glass","Nike",
"10468","10953","14","1982-03-08","1742","Furniture","Damro",
"10469","10928","15","1997-06-09","6701","Glass","Nike",
"10470","10869","5","1984-02-04","9804","Furniture","Damro",
"10471","10992","15","1991-12-30","8695","Furniture","Singer",
"10472","10617","1","2003-03-25","1356","Plastics","Fila",
"10473","10670","15","1986-07-06","7010","Furniture","Nike",
"10474","10155","17","2015-07-17","7355","Fabrics","LG",
"10475","10635","18","2004-06-03","8983","Plastics","LG",
"10476","10762","15","1980-03-07","6643","Glass","LG",
"10477","10601","15","1986-01-26","8192","Glass","Singer",
"10478","10805","14","1999-11-07","2369","Plastics","Fila",
"10479","10093","19","2009-09-17","7471","Furniture","Nike",
"10480","10774","12","2006-08-30","7323","Plastics","Damro",
"10481","10406","20","1986-07-30","4364","Glass","Singer",
"10482","10036","18","2002-11-06","1672","Plastics","Fila",
"10483","10459","14","2007-07-14","8609","Furniture","Nike",
"10484","10019","8","2013-10-29","5169","Plastics","Fila",
"10485","10739","2","2013-01-24","9739","Furniture","Singer",
"10486","10551","9","1996-10-07","9291","Plastics","Damro",
"10487","10298","3","2012-02-03","9918","Plastics","Nike",
"10488","10128","9","1977-11-21","8518","Fabrics","Damro",
"10489","10397","9","1992-09-16","6463","Furniture","LG",
"10490","10442","20","1982-10-19","5639","Glass","Nike",
"10491","10565","5","1978-12-24","6965","Plastics","Singer",
"10492","10193","14","2013-10-24","2343","Furniture","Nike",
"10493","10831","14","1984-11-26","6967","Plastics","Singer",
"10494","10864","20","1984-08-31","5543","Fabrics","Fila",
"10495","10679","16","1976-12-20","933","Fabrics","Nike",
"10496","10692","7","1972-05-28","9263","Glass","Damro",
"10497","10605","19","2019-05-13","1535","Fabrics","LG",
"10498","10615","13","2012-12-17","9483","Plastics","Fila",
"10499","10776","14","2001-02-19","8393","Fabrics","Fila",
"10500","10283","18","2004-09-11","9614","Fabrics","Nike",
"10501","10624","1","1971-01-15","6579","Furniture","Fila",
"10502","10292","9","2014-05-15","1348","Fabrics","Singer",
"10503","10101","15","2018-07-08","1952","Glass","Nike",
"10504","10165","18","2017-08-04","2088","Fabrics","Nike",
"10505","10669","15","1994-11-06","2537","Plastics","Singer",
"10506","10118","19","1985-03-10","3636","Furniture","Nike",
"10507","10226","7","1983-12-23","1517","Glass","Fila",
"10508","10517","11","1982-12-26","5802","Furniture","Damro",
"10509","10672","13","1971-12-29","5922","Fabrics","LG",
"10510","10183","15","2001-02-11","7613","Furniture","Singer",
"10511","10000","7","1975-12-13","1289","Plastics","Nike",
"10512","10261","12","2019-09-14","3425","Glass","Nike",
"10513","10332","2","1990-08-31","9055","Plastics","Damro",
"10514","10261","17","2010-01-05","9023","Glass","Damro",
"10515","10728","2","1996-03-27","3534","Plastics","Fila",
"10516","10826","2","1981-05-07","1994","Furniture","Fila",
"10517","10259","11","1975-01-28","3009","Furniture","Nike",
"10518","10403","9","2010-01-17","7380","Furniture","Singer",
"10519","10400","10","1995-10-21","993","Furniture","LG",
"10520","10767","2","2020-01-08","7042","Furniture","LG",
"10521","10043","9","2010-03-02","5241","Plastics","Damro",
"10522","10600","5","2019-07-11","5215","Furniture","Nike",
"10523","10018","10","1984-04-09","4242","Plastics","Singer",
"10524","10725","11","1997-03-26","7661","Glass","Singer",
"10525","10210","6","1985-07-19","3628","Fabrics","Singer",
"10526","10540","16","1978-10-04","8440","Fabrics","Damro",
"10527","10267","18","1979-11-14","2394","Fabrics","Nike",
"10528","10140","8","1997-10-02","5936","Plastics","Fila",
"10529","10411","14","1989-01-03","5805","Plastics","Fila",
"10530","10969","10","1989-04-05","5028","Furniture","Fila",
"10531","10723","19","1986-10-15","505","Plastics","Singer",
"10532","10737","15","2007-07-05","4573","Fabrics","LG",
"10533","10747","5","2003-04-23","3775","Furniture","Damro",
"10534","10005","18","1982-05-15","8076","Plastics","Singer",
"10535","10546","15","1991-05-07","4032","Fabrics","Nike",
"10536","10394","8","2010-12-27","8022","Fabrics","Damro",
"10537","10874","17","1982-10-07","1186","Plastics","Fila",
"10538","10386","12","1976-08-25","6834","Furniture","Fila",
"10539","10031","5","1990-02-01","8490","Glass","LG",
"10540","10020","13","2006-06-28","8970","Plastics","LG",
"10541","10144","13","2019-10-14","6573","Glass","LG",
"10542","10163","16","1974-10-24","332","Glass","Nike",
"10543","10376","11","1990-07-10","4085","Fabrics","Singer",
"10544","10872","10","2002-03-09","5243","Plastics","Singer",
"10545","10308","15","2007-07-28","5916","Furniture","Damro",
"10546","10420","19","1991-02-25","2010","Glass","Singer",
"10547","10134","12","1983-12-08","1897","Plastics","Nike",
"10548","10720","2","1993-07-22","7930","Furniture","Nike",
"10549","10471","18","1982-11-12","3940","Fabrics","Nike",
"10550","10607","15","1983-05-04","4508","Glass","Singer",
"10551","10523","2","2002-08-13","1363","Fabrics","Fila",
"10552","10635","17","1991-02-12","6919","Furniture","Damro",
"10553","10796","18","1971-11-16","2136","Glass","Damro",
"10554","10546","14","2007-06-26","883","Plastics","Fila",
"10555","10150","1","2013-08-13","218","Glass","Fila",
"10556","10068","12","1994-12-27","7363","Furniture","Fila",
"10557","10327","15","2002-09-03","4388","Glass","Fila",
"10558","10261","8","2004-09-04","7845","Furniture","Fila",
"10559","10336","9","2020-02-17","707","Furniture","Singer",
"10560","10603","7","1991-01-08","3180","Furniture","Singer",
"10561","10621","20","1987-05-27","9092","Plastics","LG",
"10562","10019","8","2009-11-04","3834","Plastics","Fila",
"10563","10125","1","2016-10-31","7866","Plastics","Fila",
"10564","10012","1","1991-05-24","1758","Plastics","LG",
"10565","10895","9","2016-03-14","5569","Furniture","Damro",
"10566","10477","17","2008-10-24","6434","Plastics","Nike",
"10567","10213","17","2013-03-04","8207","Fabrics","Fila",
"10568","10746","5","2001-11-21","3988","Plastics","Fila",
"10569","10001","19","2002-05-01","1966","Furniture","LG",
"10570","10018","6","2020-03-17","7731","Plastics","Nike",
"10571","10622","6","1993-12-10","8232","Plastics","Fila",
"10572","10110","6","2001-03-24","2205","Furniture","Damro",
"10573","10701","16","2016-09-13","5262","Plastics","Damro",
"10574","10602","1","1987-06-13","347","Plastics","Damro",
"10575","10710","11","2012-09-20","2623","Glass","Fila",
"10576","10480","2","1971-12-12","207","Plastics","LG",
"10577","10152","12","1989-12-22","2140","Furniture","Singer",
"10578","10976","1","2018-07-08","5093","Fabrics","LG",
"10579","10926","18","2012-02-01","3024","Furniture","Damro",
"10580","10053","7","2006-05-30","8212","Furniture","Fila",
"10581","10056","4","2013-03-10","9705","Fabrics","Nike",
"10582","10415","7","2019-04-22","2793","Fabrics","Nike",
"10583","10802","6","2019-11-21","7394","Glass","LG",
"10584","10463","8","1975-03-14","3840","Glass","Fila",
"10585","10500","4","1973-08-04","6386","Fabrics","LG",
"10586","10140","16","2007-07-20","4586","Glass","Singer",
"10587","10954","14","1998-09-08","256","Fabrics","LG",
"10588","10468","10","1974-05-20","7386","Fabrics","Nike",
"10589","10440","15","2014-06-17","7715","Glass","Nike",
"10590","10407","14","2008-06-03","1648","Furniture","LG",
"10591","10712","1","1983-04-07","7988","Fabrics","Singer",
"10592","10600","5","2003-07-16","2612","Furniture","Fila",
"10593","10947","3","2002-07-20","1260","Plastics","Fila",
"10594","10276","20","2017-07-25","9997","Furniture","Nike",
"10595","10380","5","2011-11-05","6671","Glass","Damro",
"10596","10752","6","1974-09-05","2801","Glass","LG",
"10597","10438","3","1971-11-20","6032","Glass","Damro",
"10598","10298","11","1984-10-07","256","Glass","Fila",
"10599","10443","7","1975-10-29","7938","Plastics","LG",
"10600","10279","20","1980-10-10","2725","Plastics","Damro",
"10601","10090","2","2006-08-09","5906","Furniture","Singer",
"10602","10816","1","2017-01-30","459","Fabrics","Singer",
"10603","10558","14","2003-08-23","2170","Furniture","Damro",
"10604","10793","17","1996-07-19","1082","Fabrics","LG",
"10605","10993","19","1995-07-22","3457","Furniture","Nike",
"10606","10434","20","1975-11-01","1664","Fabrics","Singer",
"10607","10850","4","1971-10-26","4052","Glass","Damro",
"10608","10488","10","1986-09-15","2669","Plastics","Singer",
"10609","10193","4","1997-04-06","7857","Furniture","Damro",
"10610","10391","7","2018-10-08","9599","Plastics","Fila",
"10611","10810","19","2005-08-31","8852","Furniture","Nike",
"10612","10900","18","1985-01-18","8881","Glass","LG",
"10613","10502","6","2001-07-04","6959","Fabrics","Nike",
"10614","10111","6","1979-08-21","442","Glass","Nike",
"10615","10989","1","1997-10-04","9674","Plastics","Damro",
"10616","10440","5","2017-03-01","4217","Glass","Fila",
"10617","10157","6","2002-04-11","5573","Furniture","LG",
"10618","10627","19","2018-05-28","3574","Plastics","Singer",
"10619","10172","15","1981-04-20","57","Furniture","Nike",
"10620","10637","16","1980-12-28","7045","Plastics","Damro",
"10621","10205","17","2016-12-01","4776","Furniture","LG",
"10622","10226","20","1979-08-17","189","Glass","Singer",
"10623","10457","9","2002-05-28","6284","Furniture","LG",
"10624","10774","18","1989-03-03","2557","Furniture","Damro",
"10625","10292","8","1982-12-04","9788","Plastics","LG",
"10626","10306","9","1999-04-17","4608","Glass","Nike",
"10627","10636","15","1998-09-07","24","Fabrics","Nike",
"10628","10048","2","1984-07-17","248","Fabrics","LG",
"10629","10043","9","1971-03-10","8153","Furniture","Nike",
"10630","10531","1","2018-10-23","2317","Glass","Fila",
"10631","10082","18","2003-07-09","8172","Furniture","Nike",
"10632","10462","4","1988-10-30","6988","Furniture","Fila",
"10633","10550","13","1993-08-17","9650","Fabrics","Damro",
"10634","10017","1","2007-09-15","8876","Fabrics","Singer",
"10635","10137","12","1971-07-07","9377","Glass","Damro",
"10636","10039","15","2009-01-15","1528","Furniture","Fila",
"10637","10425","13","2004-10-25","1414","Plastics","Fila",
"10638","10954","9","2003-11-23","2143","Plastics","Nike",
"10639","10394","9","1988-01-18","240","Glass","Nike",
"10640","10635","5","2009-11-13","3209","Fabrics","Nike",
"10641","10803","7","2003-01-08","2783","Plastics","Singer",
"10642","10145","5","1978-07-09","9913","Glass","LG",
"10643","10261","5","1977-12-14","3741","Furniture","Singer",
"10644","10335","19","2001-09-28","780","Plastics","Singer",
"10645","10146","7","1978-04-20","8913","Fabrics","LG",
"10646","10127","7","1982-01-06","4180","Fabrics","Nike",
"10647","10031","11","1996-09-11","275","Fabrics","LG",
"10648","10822","15","1974-09-28","1150","Fabrics","Nike",
"10649","10918","4","1996-06-10","128","Plastics","Singer",
"10650","10370","19","1986-08-12","8399","Fabrics","Singer",
"10651","10334","15","1986-09-12","3430","Glass","Singer",
"10652","10092","13","2004-02-26","5722","Fabrics","LG",
"10653","10426","5","1972-07-25","6560","Furniture","Singer",
"10654","10370","17","1992-08-10","3846","Furniture","LG",
"10655","10807","18","1982-07-29","3614","Glass","LG",
"10656","10429","15","1985-11-18","611","Plastics","Singer",
"10657","10777","10","2004-04-20","6773","Fabrics","Nike",
"10658","10196","7","1973-11-08","754","Plastics","LG",
"10659","10269","20","1973-08-09","8518","Glass","LG",
"10660","10990","6","1991-11-03","4514","Glass","Fila",
"10661","10356","1","1970-05-27","7435","Furniture","Damro",
"10662","10194","19","1983-04-29","1872","Furniture","Fila",
"10663","10017","20","1996-11-25","9269","Furniture","Nike",
"10664","10897","17","2016-07-11","4443","Fabrics","LG",
"10665","10267","11","1989-07-29","1008","Furniture","LG",
"10666","10766","16","1982-07-04","1792","Plastics","Nike",
"10667","10863","8","1987-04-20","5187","Fabrics","Damro",
"10668","10944","18","2005-10-29","8861","Fabrics","Singer",
"10669","10654","10","1987-11-02","2350","Glass","Nike",
"10670","10356","14","2005-03-23","1502","Plastics","LG",
"10671","10360","6","1997-07-04","2942","Plastics","Nike",
"10672","10128","19","1993-08-13","6612","Plastics","Singer",
"10673","10352","10","1999-07-08","6029","Glass","Nike",
"10674","10826","12","2017-10-04","9480","Glass","Singer",
"10675","10688","20","1998-06-20","2539","Plastics","Nike",
"10676","10755","9","2002-08-23","4903","Fabrics","Singer",
"10677","10996","8","1975-12-29","4033","Plastics","Fila",
"10678","10925","11","1987-05-24","8380","Plastics","Singer",
"10679","10063","20","1972-11-28","380","Furniture","Fila",
"10680","10473","5","2007-09-26","1827","Fabrics","Damro",
"10681","10365","12","2016-12-16","5051","Fabrics","Fila",
"10682","10543","15","2008-01-05","1138","Fabrics","Damro",
"10683","10665","17","2007-03-21","8396","Plastics","Nike",
"10684","10976","10","2014-10-09","9375","Plastics","Singer",
"10685","10636","9","1972-07-23","3990","Fabrics","Damro",
"10686","10450","6","2017-06-14","8546","Furniture","Nike",
"10687","10581","11","1991-11-06","7884","Fabrics","Damro",
"10688","10765","11","2002-11-25","6336","Plastics","Damro",
"10689","10241","6","1988-08-23","2122","Furniture","Nike",
"10690","10478","3","1973-04-20","3107","Furniture","Fila",
"10691","10058","5","1971-06-15","5641","Furniture","Singer",
"10692","10773","15","1995-01-27","5290","Fabrics","Fila",
"10693","10734","8","2020-01-11","6404","Glass","Singer",
"10694","10606","6","1998-12-06","1462","Furniture","Fila",
"10695","10854","1","2016-06-15","4936","Furniture","Nike",
"10696","10324","13","2018-08-07","2746","Fabrics","Damro",
"10697","10864","6","2020-02-16","9262","Glass","LG",
"10698","10091","4","2000-04-22","2329","Plastics","Fila",
"10699","10490","3","1998-07-15","2732","Plastics","Fila",
"10700","10679","14","2007-06-19","1196","Glass","Singer",
"10701","10018","17","2000-01-09","3132","Fabrics","Damro",
"10702","10912","5","2014-04-24","2783","Plastics","Damro",
"10703","10068","15","1974-07-24","391","Glass","LG",
"10704","10465","5","2017-12-01","1258","Furniture","Damro",
"10705","10207","18","2020-05-16","7349","Plastics","Nike",
"10706","10268","7","2017-06-16","8982","Glass","Nike",
"10707","10929","12","1998-12-02","7738","Fabrics","Damro",
"10708","10360","14","1984-04-28","6524","Fabrics","Fila",
"10709","10132","7","1991-12-18","1342","Furniture","Damro",
"10710","10347","13","2006-08-31","9092","Plastics","LG",
"10711","10910","1","1972-07-14","526","Furniture","Damro",
"10712","10566","9","2000-11-01","3582","Fabrics","LG",
"10713","10691","17","1989-06-07","2935","Fabrics","Damro",
"10714","10216","16","1973-07-13","6373","Glass","Fila",
"10715","10275","7","1981-07-16","1520","Plastics","Singer",
"10716","10054","2","1977-06-24","1044","Furniture","Fila",
"10717","10752","17","1995-06-11","1360","Furniture","Damro",
"10718","10625","6","2006-12-12","7241","Plastics","Nike",
"10719","10816","14","1993-08-08","4868","Furniture","Nike",
"10720","10434","11","2008-10-26","9218","Fabrics","LG",
"10721","10316","6","1976-05-06","5826","Plastics","LG",
"10722","10708","16","2003-01-31","7370","Fabrics","Singer",
"10723","10294","14","1993-02-16","4201","Fabrics","Nike",
"10724","10674","1","1970-01-02","5261","Glass","Singer",
"10725","10641","9","1987-01-31","4876","Glass","LG",
"10726","10038","2","2018-09-29","5043","Glass","Nike",
"10727","10197","7","1986-09-26","4933","Plastics","Singer",
"10728","10308","1","2016-05-19","487","Fabrics","Singer",
"10729","10191","14","1977-05-16","3951","Glass","LG",
"10730","10228","16","1978-05-14","4660","Furniture","Fila",
"10731","10129","5","1983-01-23","3450","Plastics","Fila",
"10732","10465","15","1997-12-06","4670","Fabrics","Damro",
"10733","10471","17","2015-08-10","6348","Plastics","Damro",
"10734","10617","15","1977-07-05","3093","Furniture","Nike",
"10735","10402","6","1997-02-25","3371","Fabrics","LG",
"10736","10602","1","1976-06-21","7661","Fabrics","Singer",
"10737","10664","4","2001-01-01","2402","Glass","Nike",
"10738","10077","11","1971-12-10","2401","Fabrics","Fila",
"10739","10826","3","2019-01-19","4032","Fabrics","LG",
"10740","10930","18","1997-01-26","5642","Furniture","Damro",
"10741","10955","13","2019-04-17","9915","Plastics","Singer",
"10742","10360","16","2001-12-18","2063","Fabrics","Nike",
"10743","10191","14","2012-06-10","7841","Glass","LG",
"10744","10358","10","1982-07-04","5842","Plastics","LG",
"10745","10144","14","1986-07-22","418","Plastics","Fila",
"10746","10848","10","2011-07-15","8191","Glass","Nike",
"10747","10511","3","1989-05-22","7702","Fabrics","Singer",
"10748","10293","15","2009-06-17","9416","Plastics","Singer",
"10749","10782","20","2010-04-24","899","Fabrics","Singer",
"10750","10174","20","2006-09-25","4675","Furniture","Singer",
"10751","10471","10","1994-05-18","7108","Furniture","Nike",
"10752","10354","8","2012-02-23","4939","Glass","Singer",
"10753","10144","11","1977-02-24","5252","Plastics","Singer",
"10754","10404","17","2003-06-12","9862","Plastics","LG",
"10755","10173","20","2014-02-25","5631","Fabrics","Damro",
"10756","10690","17","1971-04-03","2137","Furniture","Damro",
"10757","10274","7","1996-01-19","9384","Glass","Singer",
"10758","10480","13","1983-08-29","1907","Furniture","Fila",
"10759","10756","18","1998-07-13","7988","Plastics","Singer",
"10760","10927","8","2008-11-25","7992","Furniture","Fila",
"10761","10851","3","1995-09-16","5293","Plastics","Singer",
"10762","10809","3","1984-02-23","5286","Furniture","LG",
"10763","10741","11","1988-07-08","40","Glass","Nike",
"10764","10958","17","2005-12-21","1130","Glass","Singer",
"10765","10988","7","1971-11-28","7825","Furniture","LG",
"10766","10656","14","1973-09-09","2878","Plastics","Fila",
"10767","10195","7","2006-04-28","2217","Furniture","Nike",
"10768","10099","16","1973-02-13","5812","Plastics","Fila",
"10769","10424","16","1980-07-01","7075","Furniture","Fila",
"10770","10308","19","1993-07-29","1165","Furniture","Singer",
"10771","10817","13","2014-10-11","9632","Glass","Fila",
"10772","10664","13","1979-08-21","4126","Glass","Damro",
"10773","10403","1","2003-01-28","7569","Plastics","Nike",
"10774","10787","12","1972-06-16","1340","Plastics","Damro",
"10775","10424","5","1971-09-19","8882","Furniture","LG",
"10776","10167","3","1975-08-03","7083","Fabrics","Singer",
"10777","10480","8","2018-10-30","6096","Fabrics","Fila",
"10778","10043","16","2019-02-25","2961","Furniture","Fila",
"10779","10599","4","2016-11-08","2431","Furniture","Damro",
"10780","10988","14","1973-05-23","1758","Fabrics","Fila",
"10781","10441","18","1970-11-08","1518","Glass","Singer",
"10782","10245","1","1980-09-28","5708","Glass","LG",
"10783","10043","9","2020-01-28","8685","Plastics","Nike",
"10784","10314","11","2000-11-03","7844","Plastics","Damro",
"10785","10660","16","2003-11-24","1540","Fabrics","Damro",
"10786","10550","8","1990-11-13","2789","Fabrics","Singer",
"10787","10558","8","2015-04-10","9455","Fabrics","LG",
"10788","10041","14","1976-01-30","1904","Fabrics","Fila",
"10789","10628","10","1981-11-19","6480","Fabrics","Singer",
"10790","10070","6","2012-06-02","1667","Glass","Nike",
"10791","10173","11","2014-07-18","6845","Glass","Singer",
"10792","10159","16","1983-08-10","9941","Fabrics","Fila",
"10793","10781","17","1970-05-20","522","Furniture","Singer",
"10794","10562","17","2003-08-10","4709","Plastics","Damro",
"10795","10704","6","1980-12-15","3689","Fabrics","Nike",
"10796","10947","14","1976-06-10","8054","Furniture","Damro",
"10797","10158","17","2008-07-17","2994","Fabrics","Nike",
"10798","10711","9","1995-09-09","6195","Glass","LG",
"10799","10543","7","1980-07-21","6590","Furniture","Damro",
"10800","10198","4","2001-09-14","3722","Fabrics","Fila",
"10801","10090","6","1983-03-17","5353","Fabrics","Singer",
"10802","10011","6","1997-06-16","3660","Plastics","Nike",
"10803","10036","13","2004-08-27","8634","Plastics","LG",
"10804","10518","20","2008-05-16","9513","Furniture","Nike",
"10805","10761","11","1984-06-14","514","Fabrics","Nike",
"10806","10633","13","2007-05-03","7332","Furniture","Fila",
"10807","10107","5","2002-10-30","8153","Glass","Fila",
"10808","10375","3","1980-11-30","6732","Fabrics","Nike",
"10809","10767","9","2006-10-06","3455","Glass","Fila",
"10810","10540","13","2012-12-08","1920","Furniture","Singer",
"10811","10994","16","1991-04-04","1680","Furniture","Singer",
"10812","10868","19","2000-07-08","4588","Glass","Fila",
"10813","10619","10","2016-02-03","6677","Plastics","Singer",
"10814","10973","9","1991-07-17","8401","Furniture","Damro",
"10815","10746","4","1979-08-23","8334","Glass","Damro",
"10816","10706","16","2013-05-22","4159","Furniture","LG",
"10817","10275","6","2019-04-16","5586","Glass","Singer",
"10818","10204","20","2002-10-22","921","Plastics","Damro",
"10819","10676","15","1996-10-19","8611","Glass","Fila",
"10820","10722","1","1993-04-03","9525","Fabrics","LG",
"10821","10354","17","1998-11-15","4480","Plastics","Singer",
"10822","10398","7","1994-11-25","6847","Plastics","Damro",
"10823","10739","9","1980-05-17","2525","Fabrics","Damro",
"10824","10512","7","2009-07-11","7519","Fabrics","Singer",
"10825","10684","1","1992-05-20","2966","Glass","Singer",
"10826","10021","11","1991-06-08","4343","Glass","LG",
"10827","10100","3","2013-04-11","8496","Glass","Nike",
"10828","10526","2","1974-10-31","1269","Glass","Singer",
"10829","10786","7","2015-11-13","7365","Fabrics","Nike",
"10830","10303","11","1972-09-05","3566","Glass","Fila",
"10831","10442","6","1984-07-23","15","Furniture","Fila",
"10832","10196","10","1997-09-10","1103","Plastics","Damro",
"10833","10172","1","2014-06-08","3095","Furniture","Damro",
"10834","10701","17","1974-11-30","3962","Glass","Damro",
"10835","10180","14","1989-01-09","8482","Glass","LG",
"10836","10331","1","2016-05-28","4206","Furniture","LG",
"10837","10784","11","2003-05-11","1660","Fabrics","LG",
"10838","10816","6","1972-04-28","9347","Fabrics","Fila",
"10839","10243","6","2014-04-12","822","Plastics","Singer",
"10840","10823","17","1989-10-08","4349","Plastics","Damro",
"10841","10601","4","2019-08-22","4579","Glass","LG",
"10842","10815","1","1970-05-02","7610","Furniture","Nike",
"10843","10408","7","2005-03-26","6691","Furniture","Singer",
"10844","10129","17","2018-10-26","7669","Fabrics","Nike",
"10845","10389","7","2014-02-07","3002","Plastics","LG",
"10846","10836","2","1979-10-20","2230","Glass","LG",
"10847","10991","11","2010-11-02","1575","Glass","Singer",
"10848","10347","20","1988-11-08","1160","Fabrics","LG",
"10849","10948","7","1971-02-06","1893","Plastics","Nike",
"10850","10139","2","2001-04-01","4211","Glass","Nike",
"10851","10527","10","2001-03-18","6821","Fabrics","LG",
"10852","10141","13","1987-08-16","4992","Glass","LG",
"10853","10567","4","1999-07-11","3897","Fabrics","Fila",
"10854","10555","3","1973-08-07","3462","Plastics","Singer",
"10855","10192","1","1987-01-28","4800","Fabrics","LG",
"10856","10988","2","1992-12-18","5190","Plastics","Singer",
"10857","10249","4","1982-03-07","9828","Furniture","Singer",
"10858","10235","14","2006-09-08","8962","Plastics","Damro",
"10859","10723","6","2018-04-09","7024","Furniture","Damro",
"10860","10671","14","2009-12-30","1983","Furniture","Nike",
"10861","10485","16","1983-06-15","2525","Plastics","Nike",
"10862","10968","7","1995-03-14","8779","Plastics","Nike",
"10863","10862","1","1982-05-23","8294","Furniture","LG",
"10864","10040","17","1981-12-09","2533","Plastics","Singer",
"10865","10706","11","1988-02-16","9858","Fabrics","Damro",
"10866","10287","15","1975-09-20","3502","Furniture","Fila",
"10867","10626","1","1972-11-06","2522","Glass","Fila",
"10868","10573","2","2007-03-25","8940","Fabrics","Fila",
"10869","10492","6","1983-03-10","8954","Plastics","Fila",
"10870","10290","9","1975-11-23","99","Glass","LG",
"10871","10054","11","1995-07-11","8245","Fabrics","Fila",
"10872","10302","2","1986-07-24","1872","Glass","Fila",
"10873","10256","12","1996-04-24","5584","Fabrics","LG",
"10874","10315","10","1995-03-02","2457","Glass","Damro",
"10875","10974","2","1985-10-03","8026","Glass","Fila",
"10876","10013","16","2011-01-26","9397","Glass","Nike",
"10877","10698","7","2012-11-13","4188","Furniture","Singer",
"10878","10394","19","2007-03-25","8458","Plastics","LG",
"10879","10626","12","1994-12-06","4848","Plastics","LG",
"10880","10206","9","1982-11-10","2071","Furniture","Nike",
"10881","10061","14","1997-03-17","7031","Fabrics","LG",
"10882","10213","8","2016-11-29","8301","Fabrics","Singer",
"10883","10755","16","2012-11-27","2997","Plastics","LG",
"10884","10909","12","2003-10-13","7504","Glass","Singer",
"10885","10155","14","1977-09-14","7998","Fabrics","Damro",
"10886","10516","16","2004-08-20","7158","Glass","LG",
"10887","10955","11","1979-05-30","3265","Furniture","Fila",
"10888","10780","5","1997-05-03","8963","Fabrics","Nike",
"10889","10461","17","1994-01-26","8562","Fabrics","Singer",
"10890","10334","10","1998-12-29","4228","Fabrics","Nike",
"10891","10547","12","2003-05-18","3930","Furniture","LG",
"10892","10387","2","1997-08-16","3884","Fabrics","Singer",
"10893","10641","14","2004-07-05","1615","Furniture","LG",
"10894","10358","19","2018-06-13","8084","Furniture","Fila",
"10895","10885","19","1996-11-21","4863","Furniture","Damro",
"10896","10790","17","1991-02-02","9414","Furniture","Singer",
"10897","10329","5","1975-08-30","1688","Furniture","Singer",
"10898","10947","11","1991-03-17","2124","Plastics","Nike",
"10899","10030","15","2018-11-06","6506","Furniture","LG",
"10900","10815","6","2001-11-04","4048","Glass","LG",
"10901","10036","6","1976-03-20","7559","Glass","LG",
"10902","10670","8","1981-07-29","5663","Plastics","Damro",
"10903","10796","18","1972-02-21","2875","Fabrics","Damro",
"10904","10663","2","1986-03-13","9557","Glass","Fila",
"10905","10108","3","1971-05-25","781","Furniture","Damro",
"10906","10774","14","1978-04-09","7958","Fabrics","LG",
"10907","10340","20","2015-11-19","9196","Glass","Damro",
"10908","10816","16","1990-08-01","1161","Furniture","Fila",
"10909","10312","4","2016-11-12","8791","Plastics","Singer",
"10910","10027","12","2011-12-01","286","Fabrics","Singer",
"10911","10693","17","1973-02-11","6823","Glass","LG",
"10912","10449","16","2005-03-17","7844","Plastics","LG",
"10913","10768","15","2001-09-18","6254","Glass","LG",
"10914","10562","17","1987-06-26","3582","Fabrics","Singer",
"10915","10973","11","2018-12-18","4133","Glass","Nike",
"10916","10886","8","1995-09-14","7661","Fabrics","Nike",
"10917","10803","5","1991-08-28","5176","Plastics","Damro",
"10918","10173","20","2008-11-03","9792","Plastics","Fila",
"10919","10489","3","2001-07-25","9108","Glass","Damro",
"10920","10757","2","1975-02-24","8208","Plastics","Damro",
"10921","10257","3","1988-11-12","8837","Plastics","LG",
"10922","10389","12","2007-03-25","839","Plastics","Damro",
"10923","10305","19","1985-01-19","5338","Glass","Damro",
"10924","10871","18","1997-01-25","4996","Fabrics","LG",
"10925","10416","18","2004-11-22","7697","Fabrics","Damro",
"10926","10185","9","2019-04-08","7652","Furniture","Nike",
"10927","10790","8","2020-01-24","205","Glass","Nike",
"10928","10821","8","2004-01-01","2849","Fabrics","Singer",
"10929","10393","2","2003-10-24","8345","Furniture","LG",
"10930","10866","20","1981-03-31","6519","Plastics","Damro",
"10931","10244","9","1970-04-15","7501","Glass","LG",
"10932","10188","4","2000-10-07","9587","Furniture","Nike",
"10933","10369","15","1991-07-05","938","Fabrics","LG",
"10934","10129","5","2019-07-28","4110","Furniture","Damro",
"10935","10471","15","1998-11-06","2519","Fabrics","LG",
"10936","10434","4","1996-06-29","1008","Plastics","Damro",
"10937","10886","2","1976-12-30","7727","Plastics","Nike",
"10938","10457","20","1975-12-08","2835","Plastics","Singer",
"10939","10896","3","1992-02-25","7738","Furniture","Fila",
"10940","10503","15","2016-12-25","3159","Fabrics","Damro",
"10941","10302","16","2003-02-01","6568","Glass","LG",
"10942","10966","11","2010-07-04","4911","Plastics","LG",
"10943","10190","9","2008-09-18","2085","Furniture","LG",
"10944","10137","18","1990-07-27","9144","Plastics","LG",
"10945","10458","18","2016-03-31","6150","Plastics","Fila",
"10946","10889","2","1984-09-26","4293","Plastics","Singer",
"10947","10583","20","2002-02-05","393","Fabrics","Damro",
"10948","10203","1","2001-06-05","4262","Plastics","Singer",
"10949","10773","14","2020-06-13","6345","Glass","Nike",
"10950","10805","8","2015-05-31","8050","Fabrics","Singer",
"10951","10507","8","1977-06-10","6192","Glass","Nike",
"10952","10037","14","1981-08-29","4604","Fabrics","Singer",
"10953","10159","6","2019-09-23","1211","Fabrics","Fila",
"10954","10406","4","1990-10-01","6452","Furniture","Nike",
"10955","10342","12","1989-09-01","4751","Glass","Nike",
"10956","10592","19","1980-03-12","617","Plastics","Singer",
"10957","10735","7","2011-08-26","4245","Glass","Fila",
"10958","10152","11","2020-03-26","1428","Furniture","Singer",
"10959","10559","1","1973-02-02","5785","Furniture","Nike",
"10960","10951","9","2005-03-30","8795","Glass","Fila",
"10961","10461","19","1991-12-26","3716","Fabrics","Nike",
"10962","10354","20","2012-08-06","1738","Fabrics","Fila",
"10963","10519","11","1997-03-25","5218","Plastics","Damro",
"10964","10131","12","2005-09-28","7762","Furniture","Singer",
"10965","10151","17","1972-02-19","105","Plastics","LG",
"10966","10474","15","1971-07-02","9616","Plastics","Nike",
"10967","10344","7","2010-09-01","1255","Glass","Singer",
"10968","10865","3","1973-08-08","4874","Plastics","Singer",
"10969","10426","4","2007-12-19","5033","Furniture","Singer",
"10970","10193","2","1986-08-02","1826","Glass","Nike",
"10971","10993","4","2008-09-06","1882","Fabrics","Damro",
"10972","10202","11","1980-12-04","2290","Plastics","LG",
"10973","10920","16","1997-11-25","9890","Plastics","Singer",
"10974","10164","7","1978-04-06","525","Glass","Fila",
"10975","10766","4","2004-11-25","8827","Glass","Nike",
"10976","10623","4","2019-05-28","6166","Plastics","Singer",
"10977","10572","6","2005-03-21","767","Fabrics","Fila",
"10978","10020","19","1983-01-28","3633","Fabrics","Damro",
"10979","10301","11","2006-11-04","4905","Furniture","Singer",
"10980","10034","9","1991-10-23","9241","Fabrics","Damro",
"10981","10002","17","1993-09-24","4655","Fabrics","Damro",
"10982","10827","13","1978-04-14","6712","Plastics","LG",
"10983","10073","7","1975-09-03","7928","Glass","Nike",
"10984","10256","20","1989-12-17","3751","Fabrics","Damro",
"10985","10914","17","2019-08-15","9332","Furniture","Singer",
"10986","10021","16","1991-02-20","7138","Plastics","LG",
"10987","10825","15","2002-05-28","1370","Fabrics","Damro",
"10988","10032","11","2003-08-24","3324","Glass","Nike",
"10989","10766","20","1993-11-09","532","Furniture","Nike",
"10990","10378","7","1987-03-16","5941","Glass","Damro",
"10991","10966","15","2005-02-01","6310","Plastics","LG",
"10992","10004","19","1995-05-03","1478","Furniture","LG",
"10993","10612","4","2015-12-16","2586","Furniture","Fila",
"10994","10178","7","1970-11-26","3467","Plastics","Nike",
"10995","10709","20","1988-08-21","231","Glass","Fila",
"10996","10572","15","2015-07-09","4643","Fabrics","Fila",
"10997","10290","8","1989-12-26","1996","Plastics","Singer",
"10998","10574","3","1983-10-28","2017","Glass","Fila",
"10999","10493","11","2019-10-10","4537","Glass","Fila",
